{
  "flag": true,
  "code": 20000,
  "message": "查询成功",
  "data": {
    "pageNum": 1,
    "pageSize": 10,
    "size": 10,
    "startRow": 1,
    "endRow": 10,
    "total": 77,
    "pages": 8,
    "list": [
      {
        "id": "No1327153753102602240",
        "totalNum": 1,
        "payType": null,
        "createTime": "2020-11-13 07:38",
        "updateTime": "2020-11-13T07:38:07.000+0000",
        "payTime": null,
        "consignTime": null,
        "endTime": null,
        "closeTime": null,
        "receiverContact": null,
        "receiverMobile": null,
        "receiverAddress": null,
        "transactionId": null,
        "orderStatus": "0",
        "payStatus": "1",
        "consignStatus": "0",
        "isDelete": null,
        "skuId": "S1235454956429926400",
        "name": "美的（Midea） 壁扇挂壁式电风扇家用牛角扇墙壁挂扇牛角扇工业车间餐厅商用餐厅仓库FWAYA 五叶机械壁扇 低风 蓝色 遥控器",
        "price": 249,
        "username": "itheima",
        "sku": {
          "id": "S1235454956429926400",
          "name": "美的（Midea） 壁扇挂壁式电风扇家用牛角扇墙壁挂扇牛角扇工业车间餐厅商用餐厅仓库FWAYA 五叶机械壁扇 低风 蓝色 遥控器",
          "price": 259,
          "seckillPrice": 249,
          "num": 10000,
          "alertNum": 218,
          "image": "https://img10.360buyimg.com/n7/jfs/t1/102105/5/13219/123638/5e56419cE9ebb2888/d81fd3003e89bf0b.jpg",
          "images": "https://img11.360buyimg.com/n7/jfs/t1/61192/4/2596/273927/5d0d981bE17023e1c/594c6c03589089c0.jpg,,https://img10.360buyimg.com/n7/jfs/t1/102105/5/13219/123638/5e56419cE9ebb2888/d81fd3003e89bf0b.jpg,",
          "createTime": "2020-03-13 02:57",
          "updateTime": "2020-03-13 02:57",
          "seckillBegin": "2020-11-13 14:00",
          "seckillEnd": "2020-11-13 16:00",
          "spuId": "P1235454955565899776",
          "category1Id": 74,
          "category2Id": 89,
          "category3Id": 90,
          "category1Name": "家用电器",
          "category2Name": "生活电器",
          "category3Name": "电风扇",
          "brandId": 325406,
          "brandName": "美的",
          "spec": "{\"出风类型\":\"低风\",\"主干颜色\":\"蓝色\",\"控制方式\":\"遥控器\"}",
          "saleNum": 800,
          "commentNum": 771,
          "status": "2",
          "islock": 1,
          "startDate": null,
          "startTimestr": null,
          "len": null,
          "seckillNum": 995,
          "audit": 1,
          "count": 1,
          "isdel": 1,
          "points": 80,
          "bgtime": "2020111314"
        }
      },
      {
        "id": "No1327152758473728000",
        "totalNum": 1,
        "payType": null,
        "createTime": "2020-11-13 07:34",
        "updateTime": "2020-11-13T07:34:10.000+0000",
        "payTime": null,
        "consignTime": null,
        "endTime": null,
        "closeTime": null,
        "receiverContact": null,
        "receiverMobile": null,
        "receiverAddress": null,
        "transactionId": null,
        "orderStatus": "0",
        "payStatus": "1",
        "consignStatus": "0",
        "isDelete": null,
        "skuId": "S1235454956752887808",
        "name": "美的（Midea） 壁扇挂壁式电风扇家用牛角扇墙壁挂扇牛角扇工业车间餐厅商用餐厅仓库FWAYA 五叶机械壁扇 低风 紫色 声控",
        "price": 196,
        "username": "itheima",
        "sku": {
          "id": "S1235454956752887808",
          "name": "美的（Midea） 壁扇挂壁式电风扇家用牛角扇墙壁挂扇牛角扇工业车间餐厅商用餐厅仓库FWAYA 五叶机械壁扇 低风 紫色 声控",
          "price": 206,
          "seckillPrice": 196,
          "num": 10000,
          "alertNum": 218,
          "image": "https://img10.360buyimg.com/n7/jfs/t1/102105/5/13219/123638/5e56419cE9ebb2888/d81fd3003e89bf0b.jpg",
          "images": "https://img11.360buyimg.com/n7/jfs/t1/61192/4/2596/273927/5d0d981bE17023e1c/594c6c03589089c0.jpg,,https://img10.360buyimg.com/n7/jfs/t1/102105/5/13219/123638/5e56419cE9ebb2888/d81fd3003e89bf0b.jpg,",
          "createTime": "2020-03-13 02:57",
          "updateTime": "2020-03-13 02:57",
          "seckillBegin": "2020-11-13 14:00",
          "seckillEnd": "2020-11-13 16:00",
          "spuId": "P1235454955565899776",
          "category1Id": 74,
          "category2Id": 89,
          "category3Id": 90,
          "category1Name": "家用电器",
          "category2Name": "生活电器",
          "category3Name": "电风扇",
          "brandId": 325406,
          "brandName": "美的",
          "spec": "{\"出风类型\":\"低风\",\"主干颜色\":\"紫色\",\"控制方式\":\"声控\"}",
          "saleNum": 800,
          "commentNum": 771,
          "status": "2",
          "islock": 1,
          "startDate": null,
          "startTimestr": null,
          "len": null,
          "seckillNum": 999,
          "audit": 1,
          "count": 1,
          "isdel": 1,
          "points": 80,
          "bgtime": "2020111314"
        }
      },
      {
        "id": "No1327151935433854976",
        "totalNum": 1,
        "payType": null,
        "createTime": "2020-11-13 07:30",
        "updateTime": "2020-11-13T07:30:53.000+0000",
        "payTime": null,
        "consignTime": null,
        "endTime": null,
        "closeTime": null,
        "receiverContact": null,
        "receiverMobile": null,
        "receiverAddress": null,
        "transactionId": null,
        "orderStatus": "0",
        "payStatus": "1",
        "consignStatus": "0",
        "isDelete": null,
        "skuId": "S1235454956429926400",
        "name": "美的（Midea） 壁扇挂壁式电风扇家用牛角扇墙壁挂扇牛角扇工业车间餐厅商用餐厅仓库FWAYA 五叶机械壁扇 低风 蓝色 遥控器",
        "price": 249,
        "username": "itheima",
        "sku": {
          "id": "S1235454956429926400",
          "name": "美的（Midea） 壁扇挂壁式电风扇家用牛角扇墙壁挂扇牛角扇工业车间餐厅商用餐厅仓库FWAYA 五叶机械壁扇 低风 蓝色 遥控器",
          "price": 259,
          "seckillPrice": 249,
          "num": 10000,
          "alertNum": 218,
          "image": "https://img10.360buyimg.com/n7/jfs/t1/102105/5/13219/123638/5e56419cE9ebb2888/d81fd3003e89bf0b.jpg",
          "images": "https://img11.360buyimg.com/n7/jfs/t1/61192/4/2596/273927/5d0d981bE17023e1c/594c6c03589089c0.jpg,,https://img10.360buyimg.com/n7/jfs/t1/102105/5/13219/123638/5e56419cE9ebb2888/d81fd3003e89bf0b.jpg,",
          "createTime": "2020-03-13 02:57",
          "updateTime": "2020-03-13 02:57",
          "seckillBegin": "2020-11-13 14:00",
          "seckillEnd": "2020-11-13 16:00",
          "spuId": "P1235454955565899776",
          "category1Id": 74,
          "category2Id": 89,
          "category3Id": 90,
          "category1Name": "家用电器",
          "category2Name": "生活电器",
          "category3Name": "电风扇",
          "brandId": 325406,
          "brandName": "美的",
          "spec": "{\"出风类型\":\"低风\",\"主干颜色\":\"蓝色\",\"控制方式\":\"遥控器\"}",
          "saleNum": 800,
          "commentNum": 771,
          "status": "2",
          "islock": 1,
          "startDate": null,
          "startTimestr": null,
          "len": null,
          "seckillNum": 995,
          "audit": 1,
          "count": 1,
          "isdel": 1,
          "points": 80,
          "bgtime": "2020111314"
        }
      },
      {
        "id": "No1327151085097426944",
        "totalNum": 1,
        "payType": null,
        "createTime": "2020-11-13 07:27",
        "updateTime": "2020-11-13T07:27:31.000+0000",
        "payTime": null,
        "consignTime": null,
        "endTime": null,
        "closeTime": null,
        "receiverContact": null,
        "receiverMobile": null,
        "receiverAddress": null,
        "transactionId": null,
        "orderStatus": "0",
        "payStatus": "1",
        "consignStatus": "0",
        "isDelete": null,
        "skuId": "S1235454956006301696",
        "name": "美的（Midea） 壁扇挂壁式电风扇家用牛角扇墙壁挂扇牛角扇工业车间餐厅商用餐厅仓库FWAYA 五叶机械壁扇 4档风速 红色 声控",
        "price": 289,
        "username": "itheima",
        "sku": {
          "id": "S1235454956006301696",
          "name": "美的（Midea） 壁扇挂壁式电风扇家用牛角扇墙壁挂扇牛角扇工业车间餐厅商用餐厅仓库FWAYA 五叶机械壁扇 4档风速 红色 声控",
          "price": 299,
          "seckillPrice": 289,
          "num": 10000,
          "alertNum": 218,
          "image": "https://img10.360buyimg.com/n7/jfs/t1/102105/5/13219/123638/5e56419cE9ebb2888/d81fd3003e89bf0b.jpg",
          "images": "https://img11.360buyimg.com/n7/jfs/t1/61192/4/2596/273927/5d0d981bE17023e1c/594c6c03589089c0.jpg,,https://img10.360buyimg.com/n7/jfs/t1/102105/5/13219/123638/5e56419cE9ebb2888/d81fd3003e89bf0b.jpg,",
          "createTime": "2020-03-13 02:57",
          "updateTime": "2020-03-13 02:57",
          "seckillBegin": "2020-11-13 14:00",
          "seckillEnd": "2020-11-13 16:00",
          "spuId": "P1235454955565899776",
          "category1Id": 74,
          "category2Id": 89,
          "category3Id": 90,
          "category1Name": "家用电器",
          "category2Name": "生活电器",
          "category3Name": "电风扇",
          "brandId": 325406,
          "brandName": "美的",
          "spec": "{\"出风类型\":\"4档风速\",\"主干颜色\":\"红色\",\"控制方式\":\"声控\"}",
          "saleNum": 800,
          "commentNum": 771,
          "status": "2",
          "islock": 1,
          "startDate": null,
          "startTimestr": null,
          "len": null,
          "seckillNum": 978,
          "audit": 1,
          "count": 1,
          "isdel": 1,
          "points": 80,
          "bgtime": "2020111314"
        }
      },
      {
        "id": "No1327150097045233664",
        "totalNum": 1,
        "payType": null,
        "createTime": "2020-11-13 07:23",
        "updateTime": "2020-11-13T07:23:35.000+0000",
        "payTime": null,
        "consignTime": null,
        "endTime": null,
        "closeTime": null,
        "receiverContact": null,
        "receiverMobile": null,
        "receiverAddress": null,
        "transactionId": null,
        "orderStatus": "0",
        "payStatus": "1",
        "consignStatus": "0",
        "isDelete": null,
        "skuId": "S1235454956488646656",
        "name": "美的（Midea） 壁扇挂壁式电风扇家用牛角扇墙壁挂扇牛角扇工业车间餐厅商用餐厅仓库FWAYA 五叶机械壁扇 冷风 蓝色 遥控器",
        "price": 388,
        "username": "itheima",
        "sku": {
          "id": "S1235454956488646656",
          "name": "美的（Midea） 壁扇挂壁式电风扇家用牛角扇墙壁挂扇牛角扇工业车间餐厅商用餐厅仓库FWAYA 五叶机械壁扇 冷风 蓝色 遥控器",
          "price": 398,
          "seckillPrice": 388,
          "num": 10000,
          "alertNum": 218,
          "image": "https://img11.360buyimg.com/n7/jfs/t1/61192/4/2596/273927/5d0d981bE17023e1c/594c6c03589089c0.jpg",
          "images": "https://img11.360buyimg.com/n7/jfs/t1/61192/4/2596/273927/5d0d981bE17023e1c/594c6c03589089c0.jpg,,https://img10.360buyimg.com/n7/jfs/t1/102105/5/13219/123638/5e56419cE9ebb2888/d81fd3003e89bf0b.jpg,",
          "createTime": "2020-03-13 02:57",
          "updateTime": "2020-03-13 02:57",
          "seckillBegin": "2020-11-13 14:00",
          "seckillEnd": "2020-11-13 16:00",
          "spuId": "P1235454955565899776",
          "category1Id": 74,
          "category2Id": 89,
          "category3Id": 90,
          "category1Name": "家用电器",
          "category2Name": "生活电器",
          "category3Name": "电风扇",
          "brandId": 325406,
          "brandName": "美的",
          "spec": "{\"出风类型\":\"冷风\",\"主干颜色\":\"蓝色\",\"控制方式\":\"遥控器\"}",
          "saleNum": 800,
          "commentNum": 771,
          "status": "2",
          "islock": 1,
          "startDate": null,
          "startTimestr": null,
          "len": null,
          "seckillNum": 0,
          "audit": 1,
          "count": 1,
          "isdel": 1,
          "points": 80,
          "bgtime": "2020111314"
        }
      },
      {
        "id": "No1327145751410642944",
        "totalNum": 1,
        "payType": null,
        "createTime": "2020-11-13 07:06",
        "updateTime": "2020-11-13T07:06:19.000+0000",
        "payTime": null,
        "consignTime": null,
        "endTime": null,
        "closeTime": null,
        "receiverContact": null,
        "receiverMobile": null,
        "receiverAddress": null,
        "transactionId": null,
        "orderStatus": "0",
        "payStatus": "1",
        "consignStatus": "0",
        "isDelete": null,
        "skuId": "S1235454956429926400",
        "name": "美的（Midea） 壁扇挂壁式电风扇家用牛角扇墙壁挂扇牛角扇工业车间餐厅商用餐厅仓库FWAYA 五叶机械壁扇 低风 蓝色 遥控器",
        "price": 249,
        "username": "itheima",
        "sku": {
          "id": "S1235454956429926400",
          "name": "美的（Midea） 壁扇挂壁式电风扇家用牛角扇墙壁挂扇牛角扇工业车间餐厅商用餐厅仓库FWAYA 五叶机械壁扇 低风 蓝色 遥控器",
          "price": 259,
          "seckillPrice": 249,
          "num": 10000,
          "alertNum": 218,
          "image": "https://img10.360buyimg.com/n7/jfs/t1/102105/5/13219/123638/5e56419cE9ebb2888/d81fd3003e89bf0b.jpg",
          "images": "https://img11.360buyimg.com/n7/jfs/t1/61192/4/2596/273927/5d0d981bE17023e1c/594c6c03589089c0.jpg,,https://img10.360buyimg.com/n7/jfs/t1/102105/5/13219/123638/5e56419cE9ebb2888/d81fd3003e89bf0b.jpg,",
          "createTime": "2020-03-13 02:57",
          "updateTime": "2020-03-13 02:57",
          "seckillBegin": "2020-11-13 14:00",
          "seckillEnd": "2020-11-13 16:00",
          "spuId": "P1235454955565899776",
          "category1Id": 74,
          "category2Id": 89,
          "category3Id": 90,
          "category1Name": "家用电器",
          "category2Name": "生活电器",
          "category3Name": "电风扇",
          "brandId": 325406,
          "brandName": "美的",
          "spec": "{\"出风类型\":\"低风\",\"主干颜色\":\"蓝色\",\"控制方式\":\"遥控器\"}",
          "saleNum": 800,
          "commentNum": 771,
          "status": "2",
          "islock": 1,
          "startDate": null,
          "startTimestr": null,
          "len": null,
          "seckillNum": 995,
          "audit": 1,
          "count": 1,
          "isdel": 1,
          "points": 80,
          "bgtime": "2020111314"
        }
      },
      {
        "id": "No1327142554499551232",
        "totalNum": 1,
        "payType": null,
        "createTime": "2020-11-13 06:53",
        "updateTime": "2020-11-13T06:53:37.000+0000",
        "payTime": null,
        "consignTime": null,
        "endTime": null,
        "closeTime": null,
        "receiverContact": null,
        "receiverMobile": null,
        "receiverAddress": null,
        "transactionId": null,
        "orderStatus": "0",
        "payStatus": "1",
        "consignStatus": "0",
        "isDelete": null,
        "skuId": "S1235454956006301696",
        "name": "美的（Midea） 壁扇挂壁式电风扇家用牛角扇墙壁挂扇牛角扇工业车间餐厅商用餐厅仓库FWAYA 五叶机械壁扇 4档风速 红色 声控",
        "price": 289,
        "username": "itheima",
        "sku": {
          "id": "S1235454956006301696",
          "name": "美的（Midea） 壁扇挂壁式电风扇家用牛角扇墙壁挂扇牛角扇工业车间餐厅商用餐厅仓库FWAYA 五叶机械壁扇 4档风速 红色 声控",
          "price": 299,
          "seckillPrice": 289,
          "num": 10000,
          "alertNum": 218,
          "image": "https://img10.360buyimg.com/n7/jfs/t1/102105/5/13219/123638/5e56419cE9ebb2888/d81fd3003e89bf0b.jpg",
          "images": "https://img11.360buyimg.com/n7/jfs/t1/61192/4/2596/273927/5d0d981bE17023e1c/594c6c03589089c0.jpg,,https://img10.360buyimg.com/n7/jfs/t1/102105/5/13219/123638/5e56419cE9ebb2888/d81fd3003e89bf0b.jpg,",
          "createTime": "2020-03-13 02:57",
          "updateTime": "2020-03-13 02:57",
          "seckillBegin": "2020-11-13 14:00",
          "seckillEnd": "2020-11-13 16:00",
          "spuId": "P1235454955565899776",
          "category1Id": 74,
          "category2Id": 89,
          "category3Id": 90,
          "category1Name": "家用电器",
          "category2Name": "生活电器",
          "category3Name": "电风扇",
          "brandId": 325406,
          "brandName": "美的",
          "spec": "{\"出风类型\":\"4档风速\",\"主干颜色\":\"红色\",\"控制方式\":\"声控\"}",
          "saleNum": 800,
          "commentNum": 771,
          "status": "2",
          "islock": 1,
          "startDate": null,
          "startTimestr": null,
          "len": null,
          "seckillNum": 978,
          "audit": 1,
          "count": 1,
          "isdel": 1,
          "points": 80,
          "bgtime": "2020111314"
        }
      },
      {
        "id": "No1327137352954417152",
        "totalNum": 1,
        "payType": null,
        "createTime": "2020-11-13 06:32",
        "updateTime": "2020-11-13T06:32:57.000+0000",
        "payTime": null,
        "consignTime": null,
        "endTime": null,
        "closeTime": null,
        "receiverContact": null,
        "receiverMobile": null,
        "receiverAddress": null,
        "transactionId": null,
        "orderStatus": "0",
        "payStatus": "1",
        "consignStatus": "0",
        "isDelete": null,
        "skuId": "S1235454956446703616",
        "name": "美的（Midea） 壁扇挂壁式电风扇家用牛角扇墙壁挂扇牛角扇工业车间餐厅商用餐厅仓库FWAYA 五叶机械壁扇 低风 蓝色 手机遥控",
        "price": 289,
        "username": "itheima",
        "sku": {
          "id": "S1235454956446703616",
          "name": "美的（Midea） 壁扇挂壁式电风扇家用牛角扇墙壁挂扇牛角扇工业车间餐厅商用餐厅仓库FWAYA 五叶机械壁扇 低风 蓝色 手机遥控",
          "price": 299,
          "seckillPrice": 289,
          "num": 10000,
          "alertNum": 218,
          "image": "https://img10.360buyimg.com/n7/jfs/t1/102105/5/13219/123638/5e56419cE9ebb2888/d81fd3003e89bf0b.jpg",
          "images": "https://img11.360buyimg.com/n7/jfs/t1/61192/4/2596/273927/5d0d981bE17023e1c/594c6c03589089c0.jpg,,https://img10.360buyimg.com/n7/jfs/t1/102105/5/13219/123638/5e56419cE9ebb2888/d81fd3003e89bf0b.jpg,",
          "createTime": "2020-03-13 02:57",
          "updateTime": "2020-03-13 02:57",
          "seckillBegin": "2020-11-13 14:00",
          "seckillEnd": "2020-11-13 16:00",
          "spuId": "P1235454955565899776",
          "category1Id": 74,
          "category2Id": 89,
          "category3Id": 90,
          "category1Name": "家用电器",
          "category2Name": "生活电器",
          "category3Name": "电风扇",
          "brandId": 325406,
          "brandName": "美的",
          "spec": "{\"出风类型\":\"低风\",\"主干颜色\":\"蓝色\",\"控制方式\":\"手机遥控\"}",
          "saleNum": 800,
          "commentNum": 771,
          "status": "2",
          "islock": 1,
          "startDate": null,
          "startTimestr": null,
          "len": null,
          "seckillNum": 986,
          "audit": 1,
          "count": 1,
          "isdel": 1,
          "points": 80,
          "bgtime": "2020111314"
        }
      },
      {
        "id": "No1327135798268530688",
        "totalNum": 1,
        "payType": null,
        "createTime": "2020-11-13 06:26",
        "updateTime": "2020-11-13T06:26:46.000+0000",
        "payTime": null,
        "consignTime": null,
        "endTime": null,
        "closeTime": null,
        "receiverContact": null,
        "receiverMobile": null,
        "receiverAddress": null,
        "transactionId": null,
        "orderStatus": "0",
        "payStatus": "1",
        "consignStatus": "0",
        "isDelete": null,
        "skuId": "S1235454956446703616",
        "name": "美的（Midea） 壁扇挂壁式电风扇家用牛角扇墙壁挂扇牛角扇工业车间餐厅商用餐厅仓库FWAYA 五叶机械壁扇 低风 蓝色 手机遥控",
        "price": 289,
        "username": "itheima",
        "sku": {
          "id": "S1235454956446703616",
          "name": "美的（Midea） 壁扇挂壁式电风扇家用牛角扇墙壁挂扇牛角扇工业车间餐厅商用餐厅仓库FWAYA 五叶机械壁扇 低风 蓝色 手机遥控",
          "price": 299,
          "seckillPrice": 289,
          "num": 10000,
          "alertNum": 218,
          "image": "https://img10.360buyimg.com/n7/jfs/t1/102105/5/13219/123638/5e56419cE9ebb2888/d81fd3003e89bf0b.jpg",
          "images": "https://img11.360buyimg.com/n7/jfs/t1/61192/4/2596/273927/5d0d981bE17023e1c/594c6c03589089c0.jpg,,https://img10.360buyimg.com/n7/jfs/t1/102105/5/13219/123638/5e56419cE9ebb2888/d81fd3003e89bf0b.jpg,",
          "createTime": "2020-03-13 02:57",
          "updateTime": "2020-03-13 02:57",
          "seckillBegin": "2020-11-13 14:00",
          "seckillEnd": "2020-11-13 16:00",
          "spuId": "P1235454955565899776",
          "category1Id": 74,
          "category2Id": 89,
          "category3Id": 90,
          "category1Name": "家用电器",
          "category2Name": "生活电器",
          "category3Name": "电风扇",
          "brandId": 325406,
          "brandName": "美的",
          "spec": "{\"出风类型\":\"低风\",\"主干颜色\":\"蓝色\",\"控制方式\":\"手机遥控\"}",
          "saleNum": 800,
          "commentNum": 771,
          "status": "2",
          "islock": 1,
          "startDate": null,
          "startTimestr": null,
          "len": null,
          "seckillNum": 986,
          "audit": 1,
          "count": 1,
          "isdel": 1,
          "points": 80,
          "bgtime": "2020111314"
        }
      },
      {
        "id": "No1326399195162087424",
        "totalNum": 1,
        "payType": null,
        "createTime": "2020-11-11 05:39",
        "updateTime": "2020-11-11T05:39:46.000+0000",
        "payTime": null,
        "consignTime": null,
        "endTime": null,
        "closeTime": null,
        "receiverContact": null,
        "receiverMobile": null,
        "receiverAddress": null,
        "transactionId": null,
        "orderStatus": "0",
        "payStatus": "1",
        "consignStatus": "0",
        "isDelete": null,
        "skuId": "S1235451590329008128",
        "name": "Haier海尔 EC-MG(U)热水器电家用升速热卫生间储水洗澡电热水器 EC-MG(U) 10KG 2500W功耗 太阳能 70升",
        "price": 319,
        "username": "itheima",
        "sku": {
          "id": "S1235451590329008128",
          "name": "Haier海尔 EC-MG(U)热水器电家用升速热卫生间储水洗澡电热水器 EC-MG(U) 10KG 2500W功耗 太阳能 70升",
          "price": 329,
          "seckillPrice": 319,
          "num": 10000,
          "alertNum": 44,
          "image": "https://img11.360buyimg.com/n7/jfs/t1/101646/6/13621/393111/5e5d1390E7ea13607/0117bb13ca414b11.jpg",
          "images": ",,,https://img11.360buyimg.com/n7/jfs/t1/97796/29/13276/233822/5e539597E37c643e8/c84e0ac778d9089a.jpg,https://img11.360buyimg.com/n7/jfs/t1/101646/6/13621/393111/5e5d1390E7ea13607/0117bb13ca414b11.jpg",
          "createTime": "2020-03-13 02:57",
          "updateTime": "2020-03-13 02:57",
          "seckillBegin": "2020-11-13 12:00",
          "seckillEnd": "2020-11-13 14:00",
          "spuId": "P1235451588714201088",
          "category1Id": 74,
          "category2Id": 75,
          "category3Id": 84,
          "category1Name": "家用电器",
          "category2Name": "大家电",
          "category3Name": "热水器",
          "brandId": 7817,
          "brandName": "海尔",
          "spec": "{\"重量\":\"10KG\",\"系列\":\"2500W功耗\",\"耗能方式\":\"太阳能\",\"容量\":\"70升\"}",
          "saleNum": 800,
          "commentNum": 262,
          "status": "2",
          "islock": 1,
          "startDate": null,
          "startTimestr": null,
          "len": null,
          "seckillNum": 998,
          "audit": 1,
          "count": 1,
          "isdel": 1,
          "points": 80,
          "bgtime": "2020111312"
        }
      }
    ],
    "prePage": 0,
    "nextPage": 2,
    "isFirstPage": true,
    "isLastPage": false,
    "hasPreviousPage": false,
    "hasNextPage": true,
    "navigatePages": 8,
    "navigatepageNums": [
      1,
      2,
      3,
      4,
      5,
      6,
      7,
      8
    ],
    "navigateFirstPage": 1,
    "navigateLastPage": 8,
    "firstPage": 1,
    "lastPage": 8
  }
}