{
  "flag": true,
  "code": 20000,
  "message": "查询成功",
  "data": {
    "pageNum": 1,
    "pageSize": 10,
    "size": 10,
    "startRow": 1,
    "endRow": 10,
    "total": 114,
    "pages": 12,
    "list": [
      {
        "id": "No1324182432663998464",
        "totalNum": 1,
        "payType": null,
        "createTime": "2020-11-05 02:51",
        "updateTime": "2020-11-05T02:51:09.000+0000",
        "payTime": null,
        "consignTime": null,
        "endTime": null,
        "closeTime": null,
        "receiverContact": null,
        "receiverMobile": null,
        "receiverAddress": null,
        "transactionId": null,
        "orderStatus": "0",
        "payStatus": "0",
        "consignStatus": "0",
        "isDelete": null,
        "skuId": "S1235451589041356800",
        "name": "Haier海尔 EC-MG(U)热水器电家用升速热卫生间储水洗澡电热水器 EC-MG(U) 25KG 2500W功耗 电热水器 50升",
        "price": 1589,
        "username": "itheima",
        "sku": {
          "id": "S1235451589041356800",
          "name": "Haier海尔 EC-MG(U)热水器电家用升速热卫生间储水洗澡电热水器 EC-MG(U) 25KG 2500W功耗 电热水器 50升",
          "price": 1599,
          "seckillPrice": 1589,
          "num": 10000,
          "alertNum": 44,
          "image": "https://img11.360buyimg.com/n7/jfs/t1/101646/6/13621/393111/5e5d1390E7ea13607/0117bb13ca414b11.jpg",
          "images": ",,,https://img11.360buyimg.com/n7/jfs/t1/97796/29/13276/233822/5e539597E37c643e8/c84e0ac778d9089a.jpg,https://img11.360buyimg.com/n7/jfs/t1/101646/6/13621/393111/5e5d1390E7ea13607/0117bb13ca414b11.jpg",
          "createTime": "2020-03-13 02:57",
          "updateTime": "2020-03-13 02:57",
          "seckillBegin": "2020-11-05 10:00",
          "seckillEnd": "2020-11-05 12:00",
          "spuId": "P1235451588714201088",
          "category1Id": 74,
          "category2Id": 75,
          "category3Id": 84,
          "category1Name": "家用电器",
          "category2Name": "大家电",
          "category3Name": "热水器",
          "brandId": 7817,
          "brandName": "海尔",
          "spec": "{\"重量\":\"25KG\",\"系列\":\"2500W功耗\",\"耗能方式\":\"电热水器\",\"容量\":\"50升\"}",
          "saleNum": 800,
          "commentNum": 262,
          "status": "2",
          "islock": 1,
          "startDate": null,
          "startTimestr": null,
          "len": null,
          "seckillNum": 996,
          "audit": 1,
          "count": 1,
          "isdel": 1,
          "points": 80,
          "bgtime": "2020110510"
        }
      },
      {
        "id": "No1324182411944136704",
        "totalNum": 1,
        "payType": null,
        "createTime": "2020-11-05 02:51",
        "updateTime": "2020-11-05T02:51:04.000+0000",
        "payTime": null,
        "consignTime": null,
        "endTime": null,
        "closeTime": null,
        "receiverContact": null,
        "receiverMobile": null,
        "receiverAddress": null,
        "transactionId": null,
        "orderStatus": "0",
        "payStatus": "0",
        "consignStatus": "0",
        "isDelete": null,
        "skuId": "S1235451589041356800",
        "name": "Haier海尔 EC-MG(U)热水器电家用升速热卫生间储水洗澡电热水器 EC-MG(U) 25KG 2500W功耗 电热水器 50升",
        "price": 1589,
        "username": "itheima",
        "sku": {
          "id": "S1235451589041356800",
          "name": "Haier海尔 EC-MG(U)热水器电家用升速热卫生间储水洗澡电热水器 EC-MG(U) 25KG 2500W功耗 电热水器 50升",
          "price": 1599,
          "seckillPrice": 1589,
          "num": 10000,
          "alertNum": 44,
          "image": "https://img11.360buyimg.com/n7/jfs/t1/101646/6/13621/393111/5e5d1390E7ea13607/0117bb13ca414b11.jpg",
          "images": ",,,https://img11.360buyimg.com/n7/jfs/t1/97796/29/13276/233822/5e539597E37c643e8/c84e0ac778d9089a.jpg,https://img11.360buyimg.com/n7/jfs/t1/101646/6/13621/393111/5e5d1390E7ea13607/0117bb13ca414b11.jpg",
          "createTime": "2020-03-13 02:57",
          "updateTime": "2020-03-13 02:57",
          "seckillBegin": "2020-11-05 10:00",
          "seckillEnd": "2020-11-05 12:00",
          "spuId": "P1235451588714201088",
          "category1Id": 74,
          "category2Id": 75,
          "category3Id": 84,
          "category1Name": "家用电器",
          "category2Name": "大家电",
          "category3Name": "热水器",
          "brandId": 7817,
          "brandName": "海尔",
          "spec": "{\"重量\":\"25KG\",\"系列\":\"2500W功耗\",\"耗能方式\":\"电热水器\",\"容量\":\"50升\"}",
          "saleNum": 800,
          "commentNum": 262,
          "status": "2",
          "islock": 1,
          "startDate": null,
          "startTimestr": null,
          "len": null,
          "seckillNum": 996,
          "audit": 1,
          "count": 1,
          "isdel": 1,
          "points": 80,
          "bgtime": "2020110510"
        }
      },
      {
        "id": "No1324181129275641856",
        "totalNum": 1,
        "payType": null,
        "createTime": "2020-11-05 02:45",
        "updateTime": "2020-11-05T02:45:58.000+0000",
        "payTime": null,
        "consignTime": null,
        "endTime": null,
        "closeTime": null,
        "receiverContact": null,
        "receiverMobile": null,
        "receiverAddress": null,
        "transactionId": null,
        "orderStatus": "0",
        "payStatus": "0",
        "consignStatus": "0",
        "isDelete": null,
        "skuId": "S1235451589049745408",
        "name": "Haier海尔 EC-MG(U)热水器电家用升速热卫生间储水洗澡电热水器 EC-MG(U) 10KG 智能节电 电热水器 50升",
        "price": 839,
        "username": "itheima",
        "sku": {
          "id": "S1235451589049745408",
          "name": "Haier海尔 EC-MG(U)热水器电家用升速热卫生间储水洗澡电热水器 EC-MG(U) 10KG 智能节电 电热水器 50升",
          "price": 849,
          "seckillPrice": 839,
          "num": 10000,
          "alertNum": 44,
          "image": "https://img11.360buyimg.com/n7/jfs/t1/97796/29/13276/233822/5e539597E37c643e8/c84e0ac778d9089a.jpg",
          "images": ",,,https://img11.360buyimg.com/n7/jfs/t1/97796/29/13276/233822/5e539597E37c643e8/c84e0ac778d9089a.jpg,https://img11.360buyimg.com/n7/jfs/t1/101646/6/13621/393111/5e5d1390E7ea13607/0117bb13ca414b11.jpg",
          "createTime": "2020-03-13 02:57",
          "updateTime": "2020-03-13 02:57",
          "seckillBegin": "2020-11-05 10:00",
          "seckillEnd": "2020-11-05 12:00",
          "spuId": "P1235451588714201088",
          "category1Id": 74,
          "category2Id": 75,
          "category3Id": 84,
          "category1Name": "家用电器",
          "category2Name": "大家电",
          "category3Name": "热水器",
          "brandId": 7817,
          "brandName": "海尔",
          "spec": "{\"重量\":\"10KG\",\"系列\":\"智能节电\",\"耗能方式\":\"电热水器\",\"容量\":\"50升\"}",
          "saleNum": 800,
          "commentNum": 262,
          "status": "2",
          "islock": 1,
          "startDate": null,
          "startTimestr": null,
          "len": null,
          "seckillNum": 998,
          "audit": 1,
          "count": 1,
          "isdel": 1,
          "points": 80,
          "bgtime": "2020110510"
        }
      },
      {
        "id": "No1324169861072424960",
        "totalNum": 1,
        "payType": null,
        "createTime": "2020-11-05 02:01",
        "updateTime": "2020-11-05T02:01:11.000+0000",
        "payTime": null,
        "consignTime": null,
        "endTime": null,
        "closeTime": null,
        "receiverContact": null,
        "receiverMobile": null,
        "receiverAddress": null,
        "transactionId": null,
        "orderStatus": "0",
        "payStatus": "0",
        "consignStatus": "0",
        "isDelete": null,
        "skuId": "S1235437257859596288",
        "name": "格力（GREE） 空调挂机冷静王Ⅲ 蒸发器自洁 智能WIFI变频冷暖壁挂式空调 大匹FR-GWFNhAa-A 高频速冷暖 1.5匹",
        "price": 3480,
        "username": "itheima",
        "sku": {
          "id": "S1235437257859596288",
          "name": "格力（GREE） 空调挂机冷静王Ⅲ 蒸发器自洁 智能WIFI变频冷暖壁挂式空调 大匹FR-GWFNhAa-A 高频速冷暖 1.5匹",
          "price": 3490,
          "seckillPrice": 3480,
          "num": 10000,
          "alertNum": 976,
          "image": "https://img14.360buyimg.com/n7/jfs/t1/50449/30/11329/100905/5d8316c2E7d6f5719/f2ed5d573e877e01.jpg",
          "images": "https://img13.360buyimg.com/n7/jfs/t1/87067/33/13682/101737/5e5cb721Ef467131e/1c3b447d3bfa60df.jpg,https://img11.360buyimg.com/n7/jfs/t2605/305/2455431149/96174/b4c15ed1/576641c8N0cf6d1d4.jpg,https://img14.360buyimg.com/n7/jfs/t1/50449/30/11329/100905/5d8316c2E7d6f5719/f2ed5d573e877e01.jpg,https://img14.360buyimg.com/n7/jfs/t1/102178/37/12526/96867/5e4b951cE72853d5a/7ac0a924b0b29bb2.jpg,https://img14.360buyimg.com/n7/jfs/t1/100402/37/11984/159076/5e43383aEc02f7a45/d65ccc62017df0f5.jpg,https://img11.360buyimg.com/n7/jfs/t1/56694/28/13270/52092/5da3e3c9E533c1ff0/ba917d3a15a4aeb3.jpg",
          "createTime": "2020-03-13 02:57",
          "updateTime": "2020-03-13 02:57",
          "seckillBegin": "2020-11-05 08:00",
          "seckillEnd": "2020-11-05 10:00",
          "spuId": "P1235437257624715264",
          "category1Id": 74,
          "category2Id": 75,
          "category3Id": 77,
          "category1Name": "家用电器",
          "category2Name": "大家电",
          "category3Name": "空调",
          "brandId": 7420,
          "brandName": "格力",
          "spec": "{\"系列\":\"高频速冷暖\",\"匹数\":\"1.5匹\"}",
          "saleNum": 800,
          "commentNum": 683,
          "status": "2",
          "islock": 1,
          "startDate": null,
          "startTimestr": null,
          "len": null,
          "seckillNum": 998,
          "audit": 1,
          "count": 1,
          "isdel": 1,
          "points": 80,
          "bgtime": "2020110508"
        }
      },
      {
        "id": "No1324169273555292160",
        "totalNum": 1,
        "payType": null,
        "createTime": "2020-11-05 01:58",
        "updateTime": "2020-11-05T01:58:51.000+0000",
        "payTime": null,
        "consignTime": null,
        "endTime": null,
        "closeTime": null,
        "receiverContact": null,
        "receiverMobile": null,
        "receiverAddress": null,
        "transactionId": null,
        "orderStatus": "0",
        "payStatus": "0",
        "consignStatus": "0",
        "isDelete": null,
        "skuId": "S1235437257859596288",
        "name": "格力（GREE） 空调挂机冷静王Ⅲ 蒸发器自洁 智能WIFI变频冷暖壁挂式空调 大匹FR-GWFNhAa-A 高频速冷暖 1.5匹",
        "price": 3480,
        "username": "itheima",
        "sku": {
          "id": "S1235437257859596288",
          "name": "格力（GREE） 空调挂机冷静王Ⅲ 蒸发器自洁 智能WIFI变频冷暖壁挂式空调 大匹FR-GWFNhAa-A 高频速冷暖 1.5匹",
          "price": 3490,
          "seckillPrice": 3480,
          "num": 10000,
          "alertNum": 976,
          "image": "https://img14.360buyimg.com/n7/jfs/t1/50449/30/11329/100905/5d8316c2E7d6f5719/f2ed5d573e877e01.jpg",
          "images": "https://img13.360buyimg.com/n7/jfs/t1/87067/33/13682/101737/5e5cb721Ef467131e/1c3b447d3bfa60df.jpg,https://img11.360buyimg.com/n7/jfs/t2605/305/2455431149/96174/b4c15ed1/576641c8N0cf6d1d4.jpg,https://img14.360buyimg.com/n7/jfs/t1/50449/30/11329/100905/5d8316c2E7d6f5719/f2ed5d573e877e01.jpg,https://img14.360buyimg.com/n7/jfs/t1/102178/37/12526/96867/5e4b951cE72853d5a/7ac0a924b0b29bb2.jpg,https://img14.360buyimg.com/n7/jfs/t1/100402/37/11984/159076/5e43383aEc02f7a45/d65ccc62017df0f5.jpg,https://img11.360buyimg.com/n7/jfs/t1/56694/28/13270/52092/5da3e3c9E533c1ff0/ba917d3a15a4aeb3.jpg",
          "createTime": "2020-03-13 02:57",
          "updateTime": "2020-03-13 02:57",
          "seckillBegin": "2020-11-05 08:00",
          "seckillEnd": "2020-11-05 10:00",
          "spuId": "P1235437257624715264",
          "category1Id": 74,
          "category2Id": 75,
          "category3Id": 77,
          "category1Name": "家用电器",
          "category2Name": "大家电",
          "category3Name": "空调",
          "brandId": 7420,
          "brandName": "格力",
          "spec": "{\"系列\":\"高频速冷暖\",\"匹数\":\"1.5匹\"}",
          "saleNum": 800,
          "commentNum": 683,
          "status": "2",
          "islock": 1,
          "startDate": null,
          "startTimestr": null,
          "len": null,
          "seckillNum": 998,
          "audit": 1,
          "count": 1,
          "isdel": 1,
          "points": 80,
          "bgtime": "2020110508"
        }
      },
      {
        "id": "No1324168951919284224",
        "totalNum": 1,
        "payType": null,
        "createTime": "2020-11-05 01:57",
        "updateTime": "2020-11-05T01:57:35.000+0000",
        "payTime": null,
        "consignTime": null,
        "endTime": null,
        "closeTime": null,
        "receiverContact": null,
        "receiverMobile": null,
        "receiverAddress": null,
        "transactionId": null,
        "orderStatus": "0",
        "payStatus": "1",
        "consignStatus": "0",
        "isDelete": null,
        "skuId": "S1235437257805070336",
        "name": "格力（GREE） 空调挂机冷静王Ⅲ 蒸发器自洁 智能WIFI变频冷暖壁挂式空调 大匹FR-GWFNhAa-A 无氟空调 1匹",
        "price": 7289,
        "username": "itheima",
        "sku": {
          "id": "S1235437257805070336",
          "name": "格力（GREE） 空调挂机冷静王Ⅲ 蒸发器自洁 智能WIFI变频冷暖壁挂式空调 大匹FR-GWFNhAa-A 无氟空调 1匹",
          "price": 7299,
          "seckillPrice": 7289,
          "num": 10000,
          "alertNum": 976,
          "image": "https://img14.360buyimg.com/n7/jfs/t1/100402/37/11984/159076/5e43383aEc02f7a45/d65ccc62017df0f5.jpg",
          "images": "https://img13.360buyimg.com/n7/jfs/t1/87067/33/13682/101737/5e5cb721Ef467131e/1c3b447d3bfa60df.jpg,https://img11.360buyimg.com/n7/jfs/t2605/305/2455431149/96174/b4c15ed1/576641c8N0cf6d1d4.jpg,https://img14.360buyimg.com/n7/jfs/t1/50449/30/11329/100905/5d8316c2E7d6f5719/f2ed5d573e877e01.jpg,https://img14.360buyimg.com/n7/jfs/t1/102178/37/12526/96867/5e4b951cE72853d5a/7ac0a924b0b29bb2.jpg,https://img14.360buyimg.com/n7/jfs/t1/100402/37/11984/159076/5e43383aEc02f7a45/d65ccc62017df0f5.jpg,https://img11.360buyimg.com/n7/jfs/t1/56694/28/13270/52092/5da3e3c9E533c1ff0/ba917d3a15a4aeb3.jpg",
          "createTime": "2020-03-13 02:57",
          "updateTime": "2020-03-13 02:57",
          "seckillBegin": "2020-11-05 08:00",
          "seckillEnd": "2020-11-05 10:00",
          "spuId": "P1235437257624715264",
          "category1Id": 74,
          "category2Id": 75,
          "category3Id": 77,
          "category1Name": "家用电器",
          "category2Name": "大家电",
          "category3Name": "空调",
          "brandId": 7420,
          "brandName": "格力",
          "spec": "{\"系列\":\"无氟空调\",\"匹数\":\"1匹\"}",
          "saleNum": 800,
          "commentNum": 683,
          "status": "2",
          "islock": 1,
          "startDate": null,
          "startTimestr": null,
          "len": null,
          "seckillNum": 992,
          "audit": 1,
          "count": 1,
          "isdel": 1,
          "points": 80,
          "bgtime": "2020110508"
        }
      },
      {
        "id": "No1324166106092408832",
        "totalNum": 1,
        "payType": null,
        "createTime": "2020-11-05 01:46",
        "updateTime": "2020-11-05T01:46:16.000+0000",
        "payTime": null,
        "consignTime": null,
        "endTime": null,
        "closeTime": null,
        "receiverContact": null,
        "receiverMobile": null,
        "receiverAddress": null,
        "transactionId": null,
        "orderStatus": "0",
        "payStatus": "0",
        "consignStatus": "0",
        "isDelete": null,
        "skuId": "S1235437257805070336",
        "name": "格力（GREE） 空调挂机冷静王Ⅲ 蒸发器自洁 智能WIFI变频冷暖壁挂式空调 大匹FR-GWFNhAa-A 无氟空调 1匹",
        "price": 7289,
        "username": "itheima",
        "sku": {
          "id": "S1235437257805070336",
          "name": "格力（GREE） 空调挂机冷静王Ⅲ 蒸发器自洁 智能WIFI变频冷暖壁挂式空调 大匹FR-GWFNhAa-A 无氟空调 1匹",
          "price": 7299,
          "seckillPrice": 7289,
          "num": 10000,
          "alertNum": 976,
          "image": "https://img14.360buyimg.com/n7/jfs/t1/100402/37/11984/159076/5e43383aEc02f7a45/d65ccc62017df0f5.jpg",
          "images": "https://img13.360buyimg.com/n7/jfs/t1/87067/33/13682/101737/5e5cb721Ef467131e/1c3b447d3bfa60df.jpg,https://img11.360buyimg.com/n7/jfs/t2605/305/2455431149/96174/b4c15ed1/576641c8N0cf6d1d4.jpg,https://img14.360buyimg.com/n7/jfs/t1/50449/30/11329/100905/5d8316c2E7d6f5719/f2ed5d573e877e01.jpg,https://img14.360buyimg.com/n7/jfs/t1/102178/37/12526/96867/5e4b951cE72853d5a/7ac0a924b0b29bb2.jpg,https://img14.360buyimg.com/n7/jfs/t1/100402/37/11984/159076/5e43383aEc02f7a45/d65ccc62017df0f5.jpg,https://img11.360buyimg.com/n7/jfs/t1/56694/28/13270/52092/5da3e3c9E533c1ff0/ba917d3a15a4aeb3.jpg",
          "createTime": "2020-03-13 02:57",
          "updateTime": "2020-03-13 02:57",
          "seckillBegin": "2020-11-05 08:00",
          "seckillEnd": "2020-11-05 10:00",
          "spuId": "P1235437257624715264",
          "category1Id": 74,
          "category2Id": 75,
          "category3Id": 77,
          "category1Name": "家用电器",
          "category2Name": "大家电",
          "category3Name": "空调",
          "brandId": 7420,
          "brandName": "格力",
          "spec": "{\"系列\":\"无氟空调\",\"匹数\":\"1匹\"}",
          "saleNum": 800,
          "commentNum": 683,
          "status": "2",
          "islock": 1,
          "startDate": null,
          "startTimestr": null,
          "len": null,
          "seckillNum": 992,
          "audit": 1,
          "count": 1,
          "isdel": 1,
          "points": 80,
          "bgtime": "2020110508"
        }
      },
      {
        "id": "No1324165066878095360",
        "totalNum": 1,
        "payType": null,
        "createTime": "2020-11-05 01:42",
        "updateTime": "2020-11-05T01:42:08.000+0000",
        "payTime": null,
        "consignTime": null,
        "endTime": null,
        "closeTime": null,
        "receiverContact": null,
        "receiverMobile": null,
        "receiverAddress": null,
        "transactionId": null,
        "orderStatus": "0",
        "payStatus": "1",
        "consignStatus": "0",
        "isDelete": null,
        "skuId": "S1235451588970053632",
        "name": "Haier海尔 EC-MG(U)热水器电家用升速热卫生间储水洗澡电热水器 EC-MG(U) 20KG 3000W功耗 电热水器 50升",
        "price": 1589,
        "username": "itheima",
        "sku": {
          "id": "S1235451588970053632",
          "name": "Haier海尔 EC-MG(U)热水器电家用升速热卫生间储水洗澡电热水器 EC-MG(U) 20KG 3000W功耗 电热水器 50升",
          "price": 1599,
          "seckillPrice": 1589,
          "num": 10000,
          "alertNum": 44,
          "image": "https://img11.360buyimg.com/n7/jfs/t1/101646/6/13621/393111/5e5d1390E7ea13607/0117bb13ca414b11.jpg",
          "images": ",,,https://img11.360buyimg.com/n7/jfs/t1/97796/29/13276/233822/5e539597E37c643e8/c84e0ac778d9089a.jpg,https://img11.360buyimg.com/n7/jfs/t1/101646/6/13621/393111/5e5d1390E7ea13607/0117bb13ca414b11.jpg",
          "createTime": "2020-03-13 02:57",
          "updateTime": "2020-03-13 02:57",
          "seckillBegin": "2020-11-05 08:00",
          "seckillEnd": "2020-11-05 10:00",
          "spuId": "P1235451588714201088",
          "category1Id": 74,
          "category2Id": 75,
          "category3Id": 84,
          "category1Name": "家用电器",
          "category2Name": "大家电",
          "category3Name": "热水器",
          "brandId": 7817,
          "brandName": "海尔",
          "spec": "{\"重量\":\"20KG\",\"系列\":\"3000W功耗\",\"耗能方式\":\"电热水器\",\"容量\":\"50升\"}",
          "saleNum": 800,
          "commentNum": 262,
          "status": "2",
          "islock": 1,
          "startDate": null,
          "startTimestr": null,
          "len": null,
          "seckillNum": 998,
          "audit": 1,
          "count": 1,
          "isdel": 1,
          "points": 80,
          "bgtime": "2020110508"
        }
      },
      {
        "id": "No1324164227392344064",
        "totalNum": 1,
        "payType": null,
        "createTime": "2020-11-05 01:38",
        "updateTime": "2020-11-05T01:38:48.000+0000",
        "payTime": null,
        "consignTime": null,
        "endTime": null,
        "closeTime": null,
        "receiverContact": null,
        "receiverMobile": null,
        "receiverAddress": null,
        "transactionId": null,
        "orderStatus": "0",
        "payStatus": "1",
        "consignStatus": "0",
        "isDelete": null,
        "skuId": "S1235437257805070336",
        "name": "格力（GREE） 空调挂机冷静王Ⅲ 蒸发器自洁 智能WIFI变频冷暖壁挂式空调 大匹FR-GWFNhAa-A 无氟空调 1匹",
        "price": 7289,
        "username": "itheima",
        "sku": {
          "id": "S1235437257805070336",
          "name": "格力（GREE） 空调挂机冷静王Ⅲ 蒸发器自洁 智能WIFI变频冷暖壁挂式空调 大匹FR-GWFNhAa-A 无氟空调 1匹",
          "price": 7299,
          "seckillPrice": 7289,
          "num": 10000,
          "alertNum": 976,
          "image": "https://img14.360buyimg.com/n7/jfs/t1/100402/37/11984/159076/5e43383aEc02f7a45/d65ccc62017df0f5.jpg",
          "images": "https://img13.360buyimg.com/n7/jfs/t1/87067/33/13682/101737/5e5cb721Ef467131e/1c3b447d3bfa60df.jpg,https://img11.360buyimg.com/n7/jfs/t2605/305/2455431149/96174/b4c15ed1/576641c8N0cf6d1d4.jpg,https://img14.360buyimg.com/n7/jfs/t1/50449/30/11329/100905/5d8316c2E7d6f5719/f2ed5d573e877e01.jpg,https://img14.360buyimg.com/n7/jfs/t1/102178/37/12526/96867/5e4b951cE72853d5a/7ac0a924b0b29bb2.jpg,https://img14.360buyimg.com/n7/jfs/t1/100402/37/11984/159076/5e43383aEc02f7a45/d65ccc62017df0f5.jpg,https://img11.360buyimg.com/n7/jfs/t1/56694/28/13270/52092/5da3e3c9E533c1ff0/ba917d3a15a4aeb3.jpg",
          "createTime": "2020-03-13 02:57",
          "updateTime": "2020-03-13 02:57",
          "seckillBegin": "2020-11-05 08:00",
          "seckillEnd": "2020-11-05 10:00",
          "spuId": "P1235437257624715264",
          "category1Id": 74,
          "category2Id": 75,
          "category3Id": 77,
          "category1Name": "家用电器",
          "category2Name": "大家电",
          "category3Name": "空调",
          "brandId": 7420,
          "brandName": "格力",
          "spec": "{\"系列\":\"无氟空调\",\"匹数\":\"1匹\"}",
          "saleNum": 800,
          "commentNum": 683,
          "status": "2",
          "islock": 1,
          "startDate": null,
          "startTimestr": null,
          "len": null,
          "seckillNum": 992,
          "audit": 1,
          "count": 1,
          "isdel": 1,
          "points": 80,
          "bgtime": "2020110508"
        }
      },
      {
        "id": "No1324164164133851136",
        "totalNum": 1,
        "payType": null,
        "createTime": "2020-11-05 01:38",
        "updateTime": "2020-11-05T01:38:33.000+0000",
        "payTime": null,
        "consignTime": null,
        "endTime": null,
        "closeTime": null,
        "receiverContact": null,
        "receiverMobile": null,
        "receiverAddress": null,
        "transactionId": null,
        "orderStatus": "0",
        "payStatus": "0",
        "consignStatus": "0",
        "isDelete": null,
        "skuId": "S1235437257805070336",
        "name": "格力（GREE） 空调挂机冷静王Ⅲ 蒸发器自洁 智能WIFI变频冷暖壁挂式空调 大匹FR-GWFNhAa-A 无氟空调 1匹",
        "price": 7289,
        "username": "itheima",
        "sku": {
          "id": "S1235437257805070336",
          "name": "格力（GREE） 空调挂机冷静王Ⅲ 蒸发器自洁 智能WIFI变频冷暖壁挂式空调 大匹FR-GWFNhAa-A 无氟空调 1匹",
          "price": 7299,
          "seckillPrice": 7289,
          "num": 10000,
          "alertNum": 976,
          "image": "https://img14.360buyimg.com/n7/jfs/t1/100402/37/11984/159076/5e43383aEc02f7a45/d65ccc62017df0f5.jpg",
          "images": "https://img13.360buyimg.com/n7/jfs/t1/87067/33/13682/101737/5e5cb721Ef467131e/1c3b447d3bfa60df.jpg,https://img11.360buyimg.com/n7/jfs/t2605/305/2455431149/96174/b4c15ed1/576641c8N0cf6d1d4.jpg,https://img14.360buyimg.com/n7/jfs/t1/50449/30/11329/100905/5d8316c2E7d6f5719/f2ed5d573e877e01.jpg,https://img14.360buyimg.com/n7/jfs/t1/102178/37/12526/96867/5e4b951cE72853d5a/7ac0a924b0b29bb2.jpg,https://img14.360buyimg.com/n7/jfs/t1/100402/37/11984/159076/5e43383aEc02f7a45/d65ccc62017df0f5.jpg,https://img11.360buyimg.com/n7/jfs/t1/56694/28/13270/52092/5da3e3c9E533c1ff0/ba917d3a15a4aeb3.jpg",
          "createTime": "2020-03-13 02:57",
          "updateTime": "2020-03-13 02:57",
          "seckillBegin": "2020-11-05 08:00",
          "seckillEnd": "2020-11-05 10:00",
          "spuId": "P1235437257624715264",
          "category1Id": 74,
          "category2Id": 75,
          "category3Id": 77,
          "category1Name": "家用电器",
          "category2Name": "大家电",
          "category3Name": "空调",
          "brandId": 7420,
          "brandName": "格力",
          "spec": "{\"系列\":\"无氟空调\",\"匹数\":\"1匹\"}",
          "saleNum": 800,
          "commentNum": 683,
          "status": "2",
          "islock": 1,
          "startDate": null,
          "startTimestr": null,
          "len": null,
          "seckillNum": 992,
          "audit": 1,
          "count": 1,
          "isdel": 1,
          "points": 80,
          "bgtime": "2020110508"
        }
      }
    ],
    "prePage": 0,
    "nextPage": 2,
    "isFirstPage": true,
    "isLastPage": false,
    "hasPreviousPage": false,
    "hasNextPage": true,
    "navigatePages": 8,
    "navigatepageNums": [
      1,
      2,
      3,
      4,
      5,
      6,
      7,
      8
    ],
    "navigateFirstPage": 1,
    "navigateLastPage": 8,
    "firstPage": 1,
    "lastPage": 8
  }
}