{
  "flag": true,
  "code": 20000,
  "message": "查询成功",
  "data": {
    "pageNum": 1,
    "pageSize": 10,
    "size": 10,
    "startRow": 1,
    "endRow": 10,
    "total": 48,
    "pages": 5,
    "list": [
      {
        "id": "No1310816718683115520",
        "totalNum": 1,
        "payType": null,
        "createTime": "2020-09-29 05:40",
        "updateTime": "2020-09-29T05:40:34.000+0000",
        "payTime": null,
        "consignTime": null,
        "endTime": null,
        "closeTime": null,
        "receiverContact": null,
        "receiverMobile": null,
        "receiverAddress": null,
        "transactionId": null,
        "orderStatus": "0",
        "payStatus": "1",
        "consignStatus": "0",
        "isDelete": null,
        "skuId": "S1235451590756827136",
        "name": "Haier海尔 EC-MG(U)热水器电家用升速热卫生间储水洗澡电热水器 EC-MG(U) 10KG 智能节电 光电混用 70升",
        "price": 839,
        "username": "itheima",
        "sku": {
          "id": "S1235451590756827136",
          "name": "Haier海尔 EC-MG(U)热水器电家用升速热卫生间储水洗澡电热水器 EC-MG(U) 10KG 智能节电 光电混用 70升",
          "price": 849,
          "seckillPrice": 839,
          "num": 10000,
          "alertNum": 44,
          "image": "https://img11.360buyimg.com/n7/jfs/t1/101646/6/13621/393111/5e5d1390E7ea13607/0117bb13ca414b11.jpg",
          "images": ",,,https://img11.360buyimg.com/n7/jfs/t1/97796/29/13276/233822/5e539597E37c643e8/c84e0ac778d9089a.jpg,https://img11.360buyimg.com/n7/jfs/t1/101646/6/13621/393111/5e5d1390E7ea13607/0117bb13ca414b11.jpg",
          "createTime": "2020-03-13 02:57",
          "updateTime": "2020-03-13 02:57",
          "seckillBegin": "2020-09-29 12:00",
          "seckillEnd": "2020-09-29 14:00",
          "spuId": "P1235451588714201088",
          "category1Id": 74,
          "category2Id": 75,
          "category3Id": 84,
          "category1Name": "家用电器",
          "category2Name": "大家电",
          "category3Name": "热水器",
          "brandId": 7817,
          "brandName": "海尔",
          "spec": "{\"重量\":\"10KG\",\"系列\":\"智能节电\",\"耗能方式\":\"光电混用\",\"容量\":\"70升\"}",
          "saleNum": 800,
          "commentNum": 262,
          "status": "2",
          "islock": 1,
          "startDate": null,
          "startTimestr": null,
          "len": null,
          "seckillNum": 992,
          "audit": 1,
          "count": 1,
          "isdel": 1,
          "points": 80,
          "bgtime": "2020092912"
        }
      },
      {
        "id": "No1310811551917178880",
        "totalNum": 1,
        "payType": null,
        "createTime": "2020-09-29 05:20",
        "updateTime": "2020-09-29T05:20:02.000+0000",
        "payTime": null,
        "consignTime": null,
        "endTime": null,
        "closeTime": null,
        "receiverContact": null,
        "receiverMobile": null,
        "receiverAddress": null,
        "transactionId": null,
        "orderStatus": "0",
        "payStatus": "0",
        "consignStatus": "0",
        "isDelete": null,
        "skuId": "S1235451590756827136",
        "name": "Haier海尔 EC-MG(U)热水器电家用升速热卫生间储水洗澡电热水器 EC-MG(U) 10KG 智能节电 光电混用 70升",
        "price": 839,
        "username": "itheima",
        "sku": {
          "id": "S1235451590756827136",
          "name": "Haier海尔 EC-MG(U)热水器电家用升速热卫生间储水洗澡电热水器 EC-MG(U) 10KG 智能节电 光电混用 70升",
          "price": 849,
          "seckillPrice": 839,
          "num": 10000,
          "alertNum": 44,
          "image": "https://img11.360buyimg.com/n7/jfs/t1/101646/6/13621/393111/5e5d1390E7ea13607/0117bb13ca414b11.jpg",
          "images": ",,,https://img11.360buyimg.com/n7/jfs/t1/97796/29/13276/233822/5e539597E37c643e8/c84e0ac778d9089a.jpg,https://img11.360buyimg.com/n7/jfs/t1/101646/6/13621/393111/5e5d1390E7ea13607/0117bb13ca414b11.jpg",
          "createTime": "2020-03-13 02:57",
          "updateTime": "2020-03-13 02:57",
          "seckillBegin": "2020-09-29 12:00",
          "seckillEnd": "2020-09-29 14:00",
          "spuId": "P1235451588714201088",
          "category1Id": 74,
          "category2Id": 75,
          "category3Id": 84,
          "category1Name": "家用电器",
          "category2Name": "大家电",
          "category3Name": "热水器",
          "brandId": 7817,
          "brandName": "海尔",
          "spec": "{\"重量\":\"10KG\",\"系列\":\"智能节电\",\"耗能方式\":\"光电混用\",\"容量\":\"70升\"}",
          "saleNum": 800,
          "commentNum": 262,
          "status": "2",
          "islock": 1,
          "startDate": null,
          "startTimestr": null,
          "len": null,
          "seckillNum": 992,
          "audit": 1,
          "count": 1,
          "isdel": 1,
          "points": 80,
          "bgtime": "2020092912"
        }
      },
      {
        "id": "No1310811405720518656",
        "totalNum": 1,
        "payType": null,
        "createTime": "2020-09-29 05:19",
        "updateTime": "2020-09-29T05:19:27.000+0000",
        "payTime": null,
        "consignTime": null,
        "endTime": null,
        "closeTime": null,
        "receiverContact": null,
        "receiverMobile": null,
        "receiverAddress": null,
        "transactionId": null,
        "orderStatus": "0",
        "payStatus": "0",
        "consignStatus": "0",
        "isDelete": null,
        "skuId": "S1235451590756827136",
        "name": "Haier海尔 EC-MG(U)热水器电家用升速热卫生间储水洗澡电热水器 EC-MG(U) 10KG 智能节电 光电混用 70升",
        "price": 839,
        "username": "itheima",
        "sku": {
          "id": "S1235451590756827136",
          "name": "Haier海尔 EC-MG(U)热水器电家用升速热卫生间储水洗澡电热水器 EC-MG(U) 10KG 智能节电 光电混用 70升",
          "price": 849,
          "seckillPrice": 839,
          "num": 10000,
          "alertNum": 44,
          "image": "https://img11.360buyimg.com/n7/jfs/t1/101646/6/13621/393111/5e5d1390E7ea13607/0117bb13ca414b11.jpg",
          "images": ",,,https://img11.360buyimg.com/n7/jfs/t1/97796/29/13276/233822/5e539597E37c643e8/c84e0ac778d9089a.jpg,https://img11.360buyimg.com/n7/jfs/t1/101646/6/13621/393111/5e5d1390E7ea13607/0117bb13ca414b11.jpg",
          "createTime": "2020-03-13 02:57",
          "updateTime": "2020-03-13 02:57",
          "seckillBegin": "2020-09-29 12:00",
          "seckillEnd": "2020-09-29 14:00",
          "spuId": "P1235451588714201088",
          "category1Id": 74,
          "category2Id": 75,
          "category3Id": 84,
          "category1Name": "家用电器",
          "category2Name": "大家电",
          "category3Name": "热水器",
          "brandId": 7817,
          "brandName": "海尔",
          "spec": "{\"重量\":\"10KG\",\"系列\":\"智能节电\",\"耗能方式\":\"光电混用\",\"容量\":\"70升\"}",
          "saleNum": 800,
          "commentNum": 262,
          "status": "2",
          "islock": 1,
          "startDate": null,
          "startTimestr": null,
          "len": null,
          "seckillNum": 992,
          "audit": 1,
          "count": 1,
          "isdel": 1,
          "points": 80,
          "bgtime": "2020092912"
        }
      },
      {
        "id": "No1310811062873915392",
        "totalNum": 1,
        "payType": null,
        "createTime": "2020-09-29 05:18",
        "updateTime": "2020-09-29T05:18:06.000+0000",
        "payTime": null,
        "consignTime": null,
        "endTime": null,
        "closeTime": null,
        "receiverContact": null,
        "receiverMobile": null,
        "receiverAddress": null,
        "transactionId": null,
        "orderStatus": "0",
        "payStatus": "0",
        "consignStatus": "0",
        "isDelete": null,
        "skuId": "S1235451590756827136",
        "name": "Haier海尔 EC-MG(U)热水器电家用升速热卫生间储水洗澡电热水器 EC-MG(U) 10KG 智能节电 光电混用 70升",
        "price": 839,
        "username": "itheima",
        "sku": {
          "id": "S1235451590756827136",
          "name": "Haier海尔 EC-MG(U)热水器电家用升速热卫生间储水洗澡电热水器 EC-MG(U) 10KG 智能节电 光电混用 70升",
          "price": 849,
          "seckillPrice": 839,
          "num": 10000,
          "alertNum": 44,
          "image": "https://img11.360buyimg.com/n7/jfs/t1/101646/6/13621/393111/5e5d1390E7ea13607/0117bb13ca414b11.jpg",
          "images": ",,,https://img11.360buyimg.com/n7/jfs/t1/97796/29/13276/233822/5e539597E37c643e8/c84e0ac778d9089a.jpg,https://img11.360buyimg.com/n7/jfs/t1/101646/6/13621/393111/5e5d1390E7ea13607/0117bb13ca414b11.jpg",
          "createTime": "2020-03-13 02:57",
          "updateTime": "2020-03-13 02:57",
          "seckillBegin": "2020-09-29 12:00",
          "seckillEnd": "2020-09-29 14:00",
          "spuId": "P1235451588714201088",
          "category1Id": 74,
          "category2Id": 75,
          "category3Id": 84,
          "category1Name": "家用电器",
          "category2Name": "大家电",
          "category3Name": "热水器",
          "brandId": 7817,
          "brandName": "海尔",
          "spec": "{\"重量\":\"10KG\",\"系列\":\"智能节电\",\"耗能方式\":\"光电混用\",\"容量\":\"70升\"}",
          "saleNum": 800,
          "commentNum": 262,
          "status": "2",
          "islock": 1,
          "startDate": null,
          "startTimestr": null,
          "len": null,
          "seckillNum": 992,
          "audit": 1,
          "count": 1,
          "isdel": 1,
          "points": 80,
          "bgtime": "2020092912"
        }
      },
      {
        "id": "No1310810465961541632",
        "totalNum": 1,
        "payType": null,
        "createTime": "2020-09-29 05:15",
        "updateTime": "2020-09-29T05:15:43.000+0000",
        "payTime": null,
        "consignTime": null,
        "endTime": null,
        "closeTime": null,
        "receiverContact": null,
        "receiverMobile": null,
        "receiverAddress": null,
        "transactionId": null,
        "orderStatus": "0",
        "payStatus": "0",
        "consignStatus": "0",
        "isDelete": null,
        "skuId": "S1235451590756827136",
        "name": "Haier海尔 EC-MG(U)热水器电家用升速热卫生间储水洗澡电热水器 EC-MG(U) 10KG 智能节电 光电混用 70升",
        "price": 839,
        "username": "itheima",
        "sku": {
          "id": "S1235451590756827136",
          "name": "Haier海尔 EC-MG(U)热水器电家用升速热卫生间储水洗澡电热水器 EC-MG(U) 10KG 智能节电 光电混用 70升",
          "price": 849,
          "seckillPrice": 839,
          "num": 10000,
          "alertNum": 44,
          "image": "https://img11.360buyimg.com/n7/jfs/t1/101646/6/13621/393111/5e5d1390E7ea13607/0117bb13ca414b11.jpg",
          "images": ",,,https://img11.360buyimg.com/n7/jfs/t1/97796/29/13276/233822/5e539597E37c643e8/c84e0ac778d9089a.jpg,https://img11.360buyimg.com/n7/jfs/t1/101646/6/13621/393111/5e5d1390E7ea13607/0117bb13ca414b11.jpg",
          "createTime": "2020-03-13 02:57",
          "updateTime": "2020-03-13 02:57",
          "seckillBegin": "2020-09-29 12:00",
          "seckillEnd": "2020-09-29 14:00",
          "spuId": "P1235451588714201088",
          "category1Id": 74,
          "category2Id": 75,
          "category3Id": 84,
          "category1Name": "家用电器",
          "category2Name": "大家电",
          "category3Name": "热水器",
          "brandId": 7817,
          "brandName": "海尔",
          "spec": "{\"重量\":\"10KG\",\"系列\":\"智能节电\",\"耗能方式\":\"光电混用\",\"容量\":\"70升\"}",
          "saleNum": 800,
          "commentNum": 262,
          "status": "2",
          "islock": 1,
          "startDate": null,
          "startTimestr": null,
          "len": null,
          "seckillNum": 992,
          "audit": 1,
          "count": 1,
          "isdel": 1,
          "points": 80,
          "bgtime": "2020092912"
        }
      },
      {
        "id": "No1310805098372300800",
        "totalNum": 1,
        "payType": null,
        "createTime": "2020-09-29 04:54",
        "updateTime": "2020-09-29T04:54:24.000+0000",
        "payTime": null,
        "consignTime": null,
        "endTime": null,
        "closeTime": null,
        "receiverContact": null,
        "receiverMobile": null,
        "receiverAddress": null,
        "transactionId": null,
        "orderStatus": "0",
        "payStatus": "0",
        "consignStatus": "0",
        "isDelete": null,
        "skuId": "S1235451590756827136",
        "name": "Haier海尔 EC-MG(U)热水器电家用升速热卫生间储水洗澡电热水器 EC-MG(U) 10KG 智能节电 光电混用 70升",
        "price": 839,
        "username": "itheima",
        "sku": {
          "id": "S1235451590756827136",
          "name": "Haier海尔 EC-MG(U)热水器电家用升速热卫生间储水洗澡电热水器 EC-MG(U) 10KG 智能节电 光电混用 70升",
          "price": 849,
          "seckillPrice": 839,
          "num": 10000,
          "alertNum": 44,
          "image": "https://img11.360buyimg.com/n7/jfs/t1/101646/6/13621/393111/5e5d1390E7ea13607/0117bb13ca414b11.jpg",
          "images": ",,,https://img11.360buyimg.com/n7/jfs/t1/97796/29/13276/233822/5e539597E37c643e8/c84e0ac778d9089a.jpg,https://img11.360buyimg.com/n7/jfs/t1/101646/6/13621/393111/5e5d1390E7ea13607/0117bb13ca414b11.jpg",
          "createTime": "2020-03-13 02:57",
          "updateTime": "2020-03-13 02:57",
          "seckillBegin": "2020-09-29 12:00",
          "seckillEnd": "2020-09-29 14:00",
          "spuId": "P1235451588714201088",
          "category1Id": 74,
          "category2Id": 75,
          "category3Id": 84,
          "category1Name": "家用电器",
          "category2Name": "大家电",
          "category3Name": "热水器",
          "brandId": 7817,
          "brandName": "海尔",
          "spec": "{\"重量\":\"10KG\",\"系列\":\"智能节电\",\"耗能方式\":\"光电混用\",\"容量\":\"70升\"}",
          "saleNum": 800,
          "commentNum": 262,
          "status": "2",
          "islock": 1,
          "startDate": null,
          "startTimestr": null,
          "len": null,
          "seckillNum": 992,
          "audit": 1,
          "count": 1,
          "isdel": 1,
          "points": 80,
          "bgtime": "2020092912"
        }
      },
      {
        "id": "No1310804217178390528",
        "totalNum": 1,
        "payType": null,
        "createTime": "2020-09-29 04:50",
        "updateTime": "2020-09-29T04:50:54.000+0000",
        "payTime": null,
        "consignTime": null,
        "endTime": null,
        "closeTime": null,
        "receiverContact": null,
        "receiverMobile": null,
        "receiverAddress": null,
        "transactionId": null,
        "orderStatus": "0",
        "payStatus": "0",
        "consignStatus": "0",
        "isDelete": null,
        "skuId": "S1235451590756827136",
        "name": "Haier海尔 EC-MG(U)热水器电家用升速热卫生间储水洗澡电热水器 EC-MG(U) 10KG 智能节电 光电混用 70升",
        "price": 839,
        "username": "itheima",
        "sku": {
          "id": "S1235451590756827136",
          "name": "Haier海尔 EC-MG(U)热水器电家用升速热卫生间储水洗澡电热水器 EC-MG(U) 10KG 智能节电 光电混用 70升",
          "price": 849,
          "seckillPrice": 839,
          "num": 10000,
          "alertNum": 44,
          "image": "https://img11.360buyimg.com/n7/jfs/t1/101646/6/13621/393111/5e5d1390E7ea13607/0117bb13ca414b11.jpg",
          "images": ",,,https://img11.360buyimg.com/n7/jfs/t1/97796/29/13276/233822/5e539597E37c643e8/c84e0ac778d9089a.jpg,https://img11.360buyimg.com/n7/jfs/t1/101646/6/13621/393111/5e5d1390E7ea13607/0117bb13ca414b11.jpg",
          "createTime": "2020-03-13 02:57",
          "updateTime": "2020-03-13 02:57",
          "seckillBegin": "2020-09-29 12:00",
          "seckillEnd": "2020-09-29 14:00",
          "spuId": "P1235451588714201088",
          "category1Id": 74,
          "category2Id": 75,
          "category3Id": 84,
          "category1Name": "家用电器",
          "category2Name": "大家电",
          "category3Name": "热水器",
          "brandId": 7817,
          "brandName": "海尔",
          "spec": "{\"重量\":\"10KG\",\"系列\":\"智能节电\",\"耗能方式\":\"光电混用\",\"容量\":\"70升\"}",
          "saleNum": 800,
          "commentNum": 262,
          "status": "2",
          "islock": 1,
          "startDate": null,
          "startTimestr": null,
          "len": null,
          "seckillNum": 992,
          "audit": 1,
          "count": 1,
          "isdel": 1,
          "points": 80,
          "bgtime": "2020092912"
        }
      },
      {
        "id": "No1310804183904976896",
        "totalNum": 1,
        "payType": null,
        "createTime": "2020-09-29 04:50",
        "updateTime": "2020-09-29T04:50:46.000+0000",
        "payTime": null,
        "consignTime": null,
        "endTime": null,
        "closeTime": null,
        "receiverContact": null,
        "receiverMobile": null,
        "receiverAddress": null,
        "transactionId": null,
        "orderStatus": "0",
        "payStatus": "0",
        "consignStatus": "0",
        "isDelete": null,
        "skuId": "S1235451590756827136",
        "name": "Haier海尔 EC-MG(U)热水器电家用升速热卫生间储水洗澡电热水器 EC-MG(U) 10KG 智能节电 光电混用 70升",
        "price": 839,
        "username": "itheima",
        "sku": {
          "id": "S1235451590756827136",
          "name": "Haier海尔 EC-MG(U)热水器电家用升速热卫生间储水洗澡电热水器 EC-MG(U) 10KG 智能节电 光电混用 70升",
          "price": 849,
          "seckillPrice": 839,
          "num": 10000,
          "alertNum": 44,
          "image": "https://img11.360buyimg.com/n7/jfs/t1/101646/6/13621/393111/5e5d1390E7ea13607/0117bb13ca414b11.jpg",
          "images": ",,,https://img11.360buyimg.com/n7/jfs/t1/97796/29/13276/233822/5e539597E37c643e8/c84e0ac778d9089a.jpg,https://img11.360buyimg.com/n7/jfs/t1/101646/6/13621/393111/5e5d1390E7ea13607/0117bb13ca414b11.jpg",
          "createTime": "2020-03-13 02:57",
          "updateTime": "2020-03-13 02:57",
          "seckillBegin": "2020-09-29 12:00",
          "seckillEnd": "2020-09-29 14:00",
          "spuId": "P1235451588714201088",
          "category1Id": 74,
          "category2Id": 75,
          "category3Id": 84,
          "category1Name": "家用电器",
          "category2Name": "大家电",
          "category3Name": "热水器",
          "brandId": 7817,
          "brandName": "海尔",
          "spec": "{\"重量\":\"10KG\",\"系列\":\"智能节电\",\"耗能方式\":\"光电混用\",\"容量\":\"70升\"}",
          "saleNum": 800,
          "commentNum": 262,
          "status": "2",
          "islock": 1,
          "startDate": null,
          "startTimestr": null,
          "len": null,
          "seckillNum": 992,
          "audit": 1,
          "count": 1,
          "isdel": 1,
          "points": 80,
          "bgtime": "2020092912"
        }
      },
      {
        "id": "No1310765889452253184",
        "totalNum": 1,
        "payType": null,
        "createTime": "2020-09-29 02:18",
        "updateTime": "2020-09-29T02:18:35.000+0000",
        "payTime": null,
        "consignTime": null,
        "endTime": null,
        "closeTime": null,
        "receiverContact": null,
        "receiverMobile": null,
        "receiverAddress": null,
        "transactionId": null,
        "orderStatus": "0",
        "payStatus": "0",
        "consignStatus": "0",
        "isDelete": null,
        "skuId": "S1235451589041356800",
        "name": "Haier海尔 EC-MG(U)热水器电家用升速热卫生间储水洗澡电热水器 EC-MG(U) 25KG 2500W功耗 电热水器 50升",
        "price": 1589,
        "username": "itheima",
        "sku": {
          "id": "S1235451589041356800",
          "name": "Haier海尔 EC-MG(U)热水器电家用升速热卫生间储水洗澡电热水器 EC-MG(U) 25KG 2500W功耗 电热水器 50升",
          "price": 1599,
          "seckillPrice": 1589,
          "num": 10000,
          "alertNum": 44,
          "image": "https://img11.360buyimg.com/n7/jfs/t1/101646/6/13621/393111/5e5d1390E7ea13607/0117bb13ca414b11.jpg",
          "images": ",,,https://img11.360buyimg.com/n7/jfs/t1/97796/29/13276/233822/5e539597E37c643e8/c84e0ac778d9089a.jpg,https://img11.360buyimg.com/n7/jfs/t1/101646/6/13621/393111/5e5d1390E7ea13607/0117bb13ca414b11.jpg",
          "createTime": "2020-03-13 02:57",
          "updateTime": "2020-03-13 02:57",
          "seckillBegin": "2020-09-29 10:00",
          "seckillEnd": "2020-09-29 12:00",
          "spuId": "P1235451588714201088",
          "category1Id": 74,
          "category2Id": 75,
          "category3Id": 84,
          "category1Name": "家用电器",
          "category2Name": "大家电",
          "category3Name": "热水器",
          "brandId": 7817,
          "brandName": "海尔",
          "spec": "{\"重量\":\"25KG\",\"系列\":\"2500W功耗\",\"耗能方式\":\"电热水器\",\"容量\":\"50升\"}",
          "saleNum": 800,
          "commentNum": 262,
          "status": "2",
          "islock": 1,
          "startDate": null,
          "startTimestr": null,
          "len": null,
          "seckillNum": 998,
          "audit": 1,
          "count": 1,
          "isdel": 1,
          "points": 80,
          "bgtime": "2020092910"
        }
      },
      {
        "id": "No1306517361427226624",
        "totalNum": 1,
        "payType": null,
        "createTime": "2020-09-17 08:56",
        "updateTime": "2020-09-17T08:56:28.000+0000",
        "payTime": null,
        "consignTime": null,
        "endTime": null,
        "closeTime": null,
        "receiverContact": null,
        "receiverMobile": null,
        "receiverAddress": null,
        "transactionId": null,
        "orderStatus": "0",
        "payStatus": "0",
        "consignStatus": "0",
        "isDelete": null,
        "skuId": "S1235458980457742336",
        "name": "美的（Midea）饮水机迷你小型台式家用温热型桌面饮水器 白色 红色 25L 抑菌装置净水",
        "price": 489,
        "username": "itheima",
        "sku": {
          "id": "S1235458980457742336",
          "name": "美的（Midea）饮水机迷你小型台式家用温热型桌面饮水器 白色 红色 25L 抑菌装置净水",
          "price": 499,
          "seckillPrice": 489,
          "num": 10000,
          "alertNum": 529,
          "image": "https://img11.360buyimg.com/n7/jfs/t1/98208/30/12447/196985/5e4690a9E370a3adb/6aa26a49e32f7d4b.png",
          "images": "https://img11.360buyimg.com/n7/jfs/t1/98208/30/12447/196985/5e4690a9E370a3adb/6aa26a49e32f7d4b.png,,,",
          "createTime": "2020-03-13 02:57",
          "updateTime": "2020-03-13 02:57",
          "seckillBegin": "2020-09-29 16:00",
          "seckillEnd": "2020-09-29 18:00",
          "spuId": "P1235458980021534720",
          "category1Id": 74,
          "category2Id": 89,
          "category3Id": 93,
          "category1Name": "家用电器",
          "category2Name": "生活电器",
          "category3Name": "饮水机",
          "brandId": 325406,
          "brandName": "美的",
          "spec": "{\"机体颜色\":\"红色\",\"容量\":\"25L\",\"净水模式\":\"抑菌装置净水\"}",
          "saleNum": 800,
          "commentNum": 925,
          "status": "2",
          "islock": 1,
          "startDate": null,
          "startTimestr": null,
          "len": null,
          "seckillNum": 998,
          "audit": 1,
          "count": 1,
          "isdel": 1,
          "points": 80,
          "bgtime": "2020092916"
        }
      }
    ],
    "prePage": 0,
    "nextPage": 2,
    "isFirstPage": true,
    "isLastPage": false,
    "hasPreviousPage": false,
    "hasNextPage": true,
    "navigatePages": 8,
    "navigatepageNums": [
      1,
      2,
      3,
      4,
      5
    ],
    "navigateFirstPage": 1,
    "navigateLastPage": 5,
    "firstPage": 1,
    "lastPage": 5
  }
}