{
  "flag": true,
  "code": 20000,
  "message": "查询成功！",
  "data": {
    "pageNum": 1,
    "pageSize": 4,
    "size": 4,
    "startRow": 1,
    "endRow": 4,
    "total": 50,
    "pages": 13,
    "list": [
      {
        "id": "S1235451588982636544",
        "name": "Haier海尔 EC-MG(U)热水器电家用升速热卫生间储水洗澡电热水器 EC-MG(U) 25KG 3000W功耗 电热水器 50升",
        "price": 2099,
        "seckillPrice": 2089,
        "num": 10000,
        "alertNum": null,
        "image": "https://img11.360buyimg.com/n7/jfs/t1/97796/29/13276/233822/5e539597E37c643e8/c84e0ac778d9089a.jpg",
        "images": ",,,https://img11.360buyimg.com/n7/jfs/t1/97796/29/13276/233822/5e539597E37c643e8/c84e0ac778d9089a.jpg,https://img11.360buyimg.com/n7/jfs/t1/101646/6/13621/393111/5e5d1390E7ea13607/0117bb13ca414b11.jpg",
        "createTime": null,
        "updateTime": null,
        "seckillBegin": null,
        "seckillEnd": null,
        "spuId": null,
        "category1Id": null,
        "category2Id": null,
        "category3Id": null,
        "category1Name": null,
        "category2Name": null,
        "category3Name": null,
        "brandId": null,
        "brandName": null,
        "spec": null,
        "saleNum": 800,
        "commentNum": null,
        "status": null,
        "islock": null,
        "startDate": null,
        "startTimestr": null,
        "len": null,
        "seckillNum": 1000,
        "audit": null,
        "count": 1,
        "isdel": null,
        "points": 80,
        "bgtime": null
      },
      {
        "id": "S1235451588949082112",
        "name": "Haier海尔 EC-MG(U)热水器电家用升速热卫生间储水洗澡电热水器 EC-MG(U) 15KG 3000W功耗 电热水器 50升",
        "price": 1399,
        "seckillPrice": 1389,
        "num": 10000,
        "alertNum": null,
        "image": "https://img11.360buyimg.com/n7/jfs/t1/97796/29/13276/233822/5e539597E37c643e8/c84e0ac778d9089a.jpg",
        "images": ",,,https://img11.360buyimg.com/n7/jfs/t1/97796/29/13276/233822/5e539597E37c643e8/c84e0ac778d9089a.jpg,https://img11.360buyimg.com/n7/jfs/t1/101646/6/13621/393111/5e5d1390E7ea13607/0117bb13ca414b11.jpg",
        "createTime": null,
        "updateTime": null,
        "seckillBegin": null,
        "seckillEnd": null,
        "spuId": null,
        "category1Id": null,
        "category2Id": null,
        "category3Id": null,
        "category1Name": null,
        "category2Name": null,
        "category3Name": null,
        "brandId": null,
        "brandName": null,
        "spec": null,
        "saleNum": 800,
        "commentNum": null,
        "status": null,
        "islock": null,
        "startDate": null,
        "startTimestr": null,
        "len": null,
        "seckillNum": 1000,
        "audit": null,
        "count": 1,
        "isdel": null,
        "points": 80,
        "bgtime": null
      },
      {
        "id": "S1235451588970053632",
        "name": "Haier海尔 EC-MG(U)热水器电家用升速热卫生间储水洗澡电热水器 EC-MG(U) 20KG 3000W功耗 电热水器 50升",
        "price": 1599,
        "seckillPrice": 1589,
        "num": 10000,
        "alertNum": null,
        "image": "https://img11.360buyimg.com/n7/jfs/t1/101646/6/13621/393111/5e5d1390E7ea13607/0117bb13ca414b11.jpg",
        "images": ",,,https://img11.360buyimg.com/n7/jfs/t1/97796/29/13276/233822/5e539597E37c643e8/c84e0ac778d9089a.jpg,https://img11.360buyimg.com/n7/jfs/t1/101646/6/13621/393111/5e5d1390E7ea13607/0117bb13ca414b11.jpg",
        "createTime": null,
        "updateTime": null,
        "seckillBegin": null,
        "seckillEnd": null,
        "spuId": null,
        "category1Id": null,
        "category2Id": null,
        "category3Id": null,
        "category1Name": null,
        "category2Name": null,
        "category3Name": null,
        "brandId": null,
        "brandName": null,
        "spec": null,
        "saleNum": 800,
        "commentNum": null,
        "status": null,
        "islock": null,
        "startDate": null,
        "startTimestr": null,
        "len": null,
        "seckillNum": 1000,
        "audit": null,
        "count": 1,
        "isdel": null,
        "points": 80,
        "bgtime": null
      },
      {
        "id": "S1235446862601805824",
        "name": "【新品】小米（MI） 滚筒洗衣机 全自动公斤大容量变频节能空气互联网洗烘一体机家用迷你脱水机 米家互联网洗烘一体机 半自动 10L",
        "price": 1699,
        "seckillPrice": 1689,
        "num": 10000,
        "alertNum": null,
        "image": "https://img11.360buyimg.com/n7/jfs/t1/48946/17/15150/109712/5dc3be66E3e94bb8b/5f1a1877c122ba11.jpg",
        "images": "https://img12.360buyimg.com/n7/jfs/t1/61944/9/28/97615/5cd28a7eEf52695d2/1b3391a695e80bb1.jpg,https://img14.360buyimg.com/n7/jfs/t1/98108/16/7297/114488/5dfb4744E0444cb9c/cf8feb407d829989.jpg,https://img10.360buyimg.com/n7/jfs/t1/55569/17/15295/119642/5dc2e08dEb118d4eb/772434f7ced3d7e7.jpg,https://img11.360buyimg.com/n7/jfs/t1/48946/17/15150/109712/5dc3be66E3e94bb8b/5f1a1877c122ba11.jpg,https://img14.360buyimg.com/n7/jfs/t1/62470/19/14748/126044/5dc2d5cbEdb69aa2f/ae1f94cc472cc4c4.jpg,https://img11.360buyimg.com/n7/jfs/t1/64121/2/14664/150259/5dc2eb56E4224e83e/c6bc04685b8e1f6c.jpg,https://img10.360buyimg.com/n7/jfs/t1/55569/17/15295/119642/5dc2e08dEb118d4eb/772434f7ced3d7e7.jpg",
        "createTime": null,
        "updateTime": null,
        "seckillBegin": null,
        "seckillEnd": null,
        "spuId": null,
        "category1Id": null,
        "category2Id": null,
        "category3Id": null,
        "category1Name": null,
        "category2Name": null,
        "category3Name": null,
        "brandId": null,
        "brandName": null,
        "spec": null,
        "saleNum": 800,
        "commentNum": null,
        "status": null,
        "islock": null,
        "startDate": null,
        "startTimestr": null,
        "len": null,
        "seckillNum": 1000,
        "audit": null,
        "count": 1,
        "isdel": null,
        "points": 80,
        "bgtime": null
      }
    ],
    "prePage": 0,
    "nextPage": 2,
    "isFirstPage": true,
    "isLastPage": false,
    "hasPreviousPage": false,
    "hasNextPage": true,
    "navigatePages": 8,
    "navigatepageNums": [
      1,
      2,
      3,
      4,
      5,
      6,
      7,
      8
    ],
    "navigateFirstPage": 1,
    "navigateLastPage": 8,
    "firstPage": 1,
    "lastPage": 8
  }
}