{
  "flag": true,
  "code": 20000,
  "message": "查询成功",
  "data": {
    "id": "S1235451589041356800",
    "name": "Haier海尔 EC-MG(U)热水器电家用升速热卫生间储水洗澡电热水器 EC-MG(U) 25KG 2500W功耗 电热水器 50升",
    "price": 1599,
    "seckillPrice": 1589,
    "num": 10000,
    "alertNum": 44,
    "image": "https://img11.360buyimg.com/n7/jfs/t1/101646/6/13621/393111/5e5d1390E7ea13607/0117bb13ca414b11.jpg",
    "images": ",,,https://img11.360buyimg.com/n7/jfs/t1/97796/29/13276/233822/5e539597E37c643e8/c84e0ac778d9089a.jpg,https://img11.360buyimg.com/n7/jfs/t1/101646/6/13621/393111/5e5d1390E7ea13607/0117bb13ca414b11.jpg",
    "createTime": "2020-03-13 02:57",
    "updateTime": "2020-03-13 02:57",
    "seckillBegin": "2020-09-29 10:00",
    "seckillEnd": "2020-09-29 12:00",
    "spuId": "P1235451588714201088",
    "category1Id": 74,
    "category2Id": 75,
    "category3Id": 84,
    "category1Name": "家用电器",
    "category2Name": "大家电",
    "category3Name": "热水器",
    "brandId": 7817,
    "brandName": "海尔",
    "spec": "{\"重量\":\"25KG\",\"系列\":\"2500W功耗\",\"耗能方式\":\"电热水器\",\"容量\":\"50升\"}",
    "saleNum": 800,
    "commentNum": 262,
    "status": "2",
    "islock": 1,
    "startDate": null,
    "startTimestr": null,
    "len": null,
    "seckillNum": 998,
    "audit": 1,
    "count": 1,
    "isdel": 1,
    "points": 80,
    "bgtime": "2020092910"
  }
}