{
  "flag": true,
  "code": 20000,
  "message": "查询成功",
  "data": [
    {
      "id": "No1288759750468677632",
      "name": "16:00",
      "status": 1,
      "startdate": "2020-07-30T00:00:00.000+0800",
      "begintime": "2020-07-30T16:00:00.000+0800",
      "endtime": "2020-07-30T18:00:00.000+0800",
      "totalTime": null,
      "isDel": null,
      "timeId": null,
      "seckillTime": null,
      "seckillTimeList": null
    },
    {
      "id": "No1288759763626209280",
      "name": "18:00",
      "status": 1,
      "startdate": "2020-07-30T00:00:00.000+0800",
      "begintime": "2020-07-30T18:00:00.000+0800",
      "endtime": "2020-07-30T20:00:00.000+0800",
      "totalTime": null,
      "isDel": null,
      "timeId": null,
      "seckillTime": null,
      "seckillTimeList": null
    },
    {
      "id": "No1288759777622601728",
      "name": "20:00",
      "status": 1,
      "startdate": "2020-07-30T00:00:00.000+0800",
      "begintime": "2020-07-30T20:00:01.000+0800",
      "endtime": "2020-07-30T22:00:01.000+0800",
      "totalTime": null,
      "isDel": null,
      "timeId": null,
      "seckillTime": null,
      "seckillTimeList": null
    },
    {
      "id": "No1288759787743457280",
      "name": "22:00",
      "status": 1,
      "startdate": "2020-07-30T00:00:00.000+0800",
      "begintime": "2020-07-30T22:00:00.000+0800",
      "endtime": "2020-07-31T00:00:00.000+0800",
      "totalTime": null,
      "isDel": null,
      "timeId": null,
      "seckillTime": null,
      "seckillTimeList": null
    }
  ]
}