{
  "flag": true,
  "code": 20000,
  "message": "查询成功",
  "data": {
    "id": "S1235464737756602368",
    "name": "新诗“精魂”的追寻：穆旦研究新探 散文 中文 老年",
    "price": 4,
    "seckillPrice": -6,
    "num": 10000,
    "alertNum": 696,
    "image": "https://img10.360buyimg.com/n7/10834/e478cacc-aaa5-405d-816c-77842ba74002.jpg",
    "images": ",https://img10.360buyimg.com/n7/jfs/t1/26726/33/15408/237421/5cb081f4E1da4979a/8583ee357ff986d1.jpg,https://img10.360buyimg.com/n7/10834/e478cacc-aaa5-405d-816c-77842ba74002.jpg,https://img13.360buyimg.com/n7/jfs/t1/22631/4/13382/142479/5c9dfa40E5849b686/3b72b4fd427638a5.jpg,",
    "createTime": "2020-03-13 02:57",
    "updateTime": "2020-03-13 02:57",
    "seckillBegin": "2020-11-13 22:00",
    "seckillEnd": "2020-11-14 00:00",
    "spuId": "P1235464735172911104",
    "category1Id": 1,
    "category2Id": 2,
    "category3Id": 3,
    "category1Name": "图书、音像、电子书刊",
    "category2Name": "电子书刊",
    "category3Name": "电子书",
    "brandId": 17424,
    "brandName": "威图",
    "spec": "{\"书籍类型\":\"散文\",\"语言\":\"中文\",\"适合人群\":\"老年\"}",
    "saleNum": 800,
    "commentNum": 476,
    "status": "2",
    "islock": 1,
    "startDate": null,
    "startTimestr": null,
    "len": null,
    "seckillNum": 1000,
    "audit": 1,
    "count": 1,
    "isdel": 1,
    "points": 80,
    "bgtime": "2020111322"
  }
}